hour,bus,P_demand_kW,C_kgCO2_per_h,EF_node_kgCO2_per_kWh,P_source_inj_kW,Tdiag_norm
0,1,0.0,1711.167356256972,0.0,2331.145645682892,0.0
0,2,59.99999922315448,79.36540427894829,1.3227567551087658,63.99999917611134,0.0
0,3,53.99999722860378,26.823550586150674,0.4967324437554276,0.0,0.0
0,4,71.99999545564317,61.21507182034708,0.8502093845000264,63.999995959949075,0.0
0,5,35.999997283093535,29.21507384037254,0.8115298901450929,0.0,0.0
0,6,35.999996299449165,29.215073840371787,0.8115299123188745,0.0,0.0
0,7,119.99998755916965,55.54693088574444,0.46289113870412135,0.0,0.0
0,8,119.99998294524433,55.54693088574405,0.46289115650199686,0.0,0.0
0,9,35.99999480528568,-1.496580637194711e-13,-4.157169036521573e-15,0.0,0.0
0,10,35.99999488719109,2.753353101070388e-13,7.648204144745696e-15,0.0,0.0
0,11,26.999996361194512,39.71699353064171,1.4709999586416456,0.0,0.0
0,12,35.99999498074338,63.99998844474882,1.7777777046630927,0.0,0.0
0,13,35.99999461410218,63.99998844474899,1.7777777227688378,82.49998770874684,0.0
0,14,71.99998892432725,63.999988444748524,0.888888865135982,0.0,0.0
0,15,35.99999386701868,63.999988444748055,1.777777759661829,0.0,0.0
0,16,35.99999369854558,63.99998844474757,1.7777777679814764,63.999989092657934,0.0
0,17,35.99999295829517,31.999993898418722,0.888888893269776,63.99998779683965,0.0
0,18,53.99998940685527,-2.2448709557920665e-13,-4.157169252161152e-15,0.0,0.0
0,19,53.999998927728356,95.10067876067542,1.761123715723675,0.0,0.0
0,20,53.99999583802064,95.1006787606757,1.7611238164895682,63.999995176072524,0.0
0,21,53.99999524183193,66.87456068971252,1.2384178996724635,63.999994501878554,0.0
0,22,53.999995182119115,-1.2745360322696797e-13,-2.360252122192251e-15,0.0,0.0
0,23,53.99999612581807,-2.7000623958883807e-13,-5.00011590667031e-15,0.0,0.0
0,24,251.99997165905882,-5.186961971048731e-13,-2.0583184739664918e-15,0.0,0.0
0,25,251.9999694631809,-1.829647544582258e-13,-7.26050700910733e-16,0.0,0.0
0,26,35.99999619490723,3.419486915845482e-14,9.498575770208615e-16,0.0,0.0
0,27,35.999996036366284,1.0658141036401503e-14,2.9605950582980393e-16,0.0,0.0
0,28,35.999995419085835,-2.5224267119483557e-13,-7.0067417581143925e-15,0.0,0.0
0,29,71.99998845754305,-1.4210854715202004e-13,-1.9737301379682665e-15,0.0,0.0
0,30,119.99997827818918,4.760636329592671e-13,3.967197659449868e-15,82.49998526486583,0.0
0,31,89.99998232029724,2.6645352591003757e-14,2.960595313916475e-16,0.0,0.0
0,32,125.9999747899284,7.815970093361102e-14,6.203152108873166e-16,0.0,0.0
0,33,35.9999928715682,-5.861977570020827e-14,-1.6283274252119238e-15,0.0,0.0
1,1,0.0,1652.4745528688336,0.0,2247.430822346937,
1,2,58.0000099062988,79.27297722597689,1.3667752359705692,64.00001086809617,
1,3,52.200035388066524,26.881019794251152,0.5149617159147833,0.0,
1,4,69.6000579779172,61.37856531987481,0.8818752038877479,64.00005332440088,
1,5,34.80003465910426,29.37853865767505,0.8442100401756106,0.0,
1,6,34.80004718580175,29.378538657674703,0.8442097362919957,0.0,
1,7,116.00015853965105,55.51991811798779,0.4786193296366059,0.0,
1,8,116.00021707730747,55.519918117988006,0.4786190881090091,0.0,
1,9,34.80006610955711,3.5349501104064984e-13,1.015788331918053e-14,0.0,
1,10,34.80006505380852,-3.1441516057384433e-13,-9.034901517789971e-15,0.0,
1,11,26.100046285236044,38.91302016050481,1.4909176686984134,0.0,
1,12,34.8000638288121,64.000151945177,1.839081452838865,0.0,
1,13,34.80006842368009,64.00015194517684,1.8390812100135767,85.50016740436098,
1,14,69.60014073764034,64.00015194517654,0.9195405536093222,0.0,
1,15,34.80007795776311,64.00015194517607,1.839080706165461,0.0,
1,16,34.8000800914419,64.00015194517584,1.839080593406878,64.00014338830955,
1,17,34.80008954404781,32.00008025102165,0.9195401698756528,64.00016050204368,
1,18,52.200134682572084,-6.389333506717776e-13,-1.224007092236673e-14,0.0,
1,19,52.20001366792698,94.63280004448842,1.8128884150586577,0.0,
1,20,52.20005297784572,94.63280004448866,1.8128870498398126,64.00006351038031,
1,21,52.200060547910596,66.19839874996366,1.2681670874539508,64.00007236454445,
1,22,52.20006130438858,4.1744385725905886e-14,7.996999367967473e-16,0.0,
1,23,52.20004948810052,9.947598300641403e-14,1.9056683658717698e-15,0.0,
1,24,243.60036211030635,8.526512829121202e-13,3.5002053179462245e-15,0.0,
1,25,243.60039081273553,3.055333763768431e-13,1.254240091148777e-15,0.0,
1,26,34.80004852069682,-1.0169642905566434e-13,-2.9223071052668757e-15,0.0,
1,27,34.8000505501456,-2.5224267119483557e-13,-7.24834209166918e-15,0.0,
1,28,34.80005845112199,5.115907697472721e-13,1.4700859496136216e-14,0.0,
1,29,69.60014701491782,6.608047442568932e-13,9.49430098352032e-15,0.0,
1,30,116.00027605843391,2.7000623958883807e-13,2.327634457118234e-15,85.50020105201132,
1,31,87.00022491384992,4.334310688136611e-13,4.9819534287739695e-15,0.0,
1,32,121.80032067817302,9.592326932761353e-14,7.875452937522787e-16,0.0,
1,33,34.80009066078157,-3.0375701953744283e-13,-8.728627246933178e-15,0.0,
2,1,0.0,1520.2703834330277,0.0,2059.277654495221,
2,2,55.00000097463168,78.77602528637331,1.4322913434621234,64.0000011274613,
2,3,49.500003487933256,26.737299349125102,0.540147423537918,0.0,
2,4,66.00000570983282,61.51180141831804,0.9319969105571438,64.00000553891442,
2,5,33.00000341568074,29.511798648861436,0.8942968361887563,0.0,
2,6,33.000004651232,29.511798648861053,0.8942968027054288,0.0,
2,7,110.00001560702003,56.72747591687501,0.5157042533478945,0.0,
2,8,110.00002135703946,56.72747591687459,0.515704226390537,0.0,
2,9,33.00000650893581,1.8418599978531347e-12,5.5813928320116906e-14,0.0,
2,10,33.000006401983626,2.9238833576528123e-12,8.860250880063641e-14,0.0,
2,11,24.75000454540438,37.062363868744356,1.497468972207771,0.0,
2,12,33.000006269461224,64.00001572492349,1.939394047453567,0.0,
2,13,33.000006709448634,64.00001572492307,1.9393940215957122,90.0000182180263,
2,14,66.00001380560492,64.00001572492332,0.9696970051162056,0.0,
2,15,33.00000766558581,64.00001572492204,1.939393965403975,0.0,
2,16,33.000007866177775,64.00001572492171,1.9393939536152756,64.0000148310801,
2,17,33.000008802134424,32.00000830938185,0.9696969628478433,64.00001661876892,
2,18,49.500013236836054,-7.245315458703772e-13,-1.4636997012582776e-14,0.0,
2,19,49.50000134566638,93.80015602183695,1.894952595391171,0.0,
2,20,49.5000052114493,93.80015602183693,1.8949524474017843,64.00000658187655,
2,21,49.50000595433462,64.41257922196803,1.3012640701779057,64.00000749687862,
2,22,49.500006030168365,-1.4344081478157023e-13,-2.897793884997681e-15,0.0,
2,23,49.50000487464627,-1.3002932064409833e-12,-2.626854703820421e-14,0.0,
2,24,231.00003565406772,-8.313350008393172e-13,-3.5988522620155626e-15,0.0,
2,25,231.0000384594747,-2.255973186038318e-13,-9.766116062504867e-16,0.0,
2,26,33.00000478090566,1.2851941733060812e-12,3.894527233673964e-14,0.0,
2,27,33.00000498021492,1.0658141036401503e-12,3.229739220582412e-14,0.0,
2,28,33.00000575705063,-2.5934809855243657e-13,-7.859031918411876e-15,0.0,
2,29,66.00001446402692,-1.3429257705865894e-12,-2.034735570124074e-14,0.0,
2,30,110.0000270003106,-2.3945290195115376e-12,-2.176844028869899e-14,90.00002194827789,
2,31,82.50002211824014,-2.9842794901924208e-12,-3.617307503160801e-14,0.0,
2,32,115.50003152459549,-2.8919089345436078e-12,-2.5038165759528664e-14,0.0,
2,33,33.00000890689917,-2.2364332608049153e-12,-6.777068658115889e-14,0.0,
3,1,0.0,1390.7769459728556,0.0,1874.9737276147328,
3,2,52.000000779904646,78.29533664254303,1.5056795282357034,64.00000095413903,
3,3,46.800002800648436,26.59648471741712,0.568300921491582,0.0,
3,4,62.40000457700601,61.73326372413385,0.9893150512184762,64.0000046970196,
3,5,31.200002738533463,29.73326137562382,0.952989063007416,0.0,
3,6,31.200003726936266,29.733261375623897,0.9529890328171317,0.0,
3,7,104.00001247938575,58.354815651730256,0.561103929322095,0.0,
3,8,104.00001701692989,58.35481565173016,0.5611039048410034,0.0,
3,9,31.200005187815353,9.334755191048316e-13,2.9919082175966597e-14,0.0,
3,10,31.200005098834524,1.4352963262354024e-12,4.600307986132406e-14,0.0,
3,11,23.40000361287927,35.119207687975546,1.500820609644952,0.0,
3,12,31.200004985093894,64.0000132485076,2.0512821481626116,0.0,
3,13,31.200005331292797,64.00001324850757,2.0512821254013445,93.00001581858277,
3,14,62.40001097632431,64.00001324850741,1.0256410575438868,0.0,
3,15,31.20000611035365,64.0000132485071,2.0512820741810316,0.0,
3,16,31.200006266799626,64.0000132485066,2.0512820638952864,64.00001248280304,
3,17,31.20000702484965,32.000007007105204,1.0256410192990784,64.00001401421298,
3,18,46.80001056217401,-4.00679489587219e-13,-8.561525623053324e-15,0.0,
3,19,46.8000010763375,93.08887271634697,1.9890784310988732,0.0,
3,20,46.80000415652939,93.08887271634717,1.9890783001855716,64.00000554731932,
3,21,46.800004745059596,62.541779334259466,1.3363626707935674,64.00000631295741,
3,22,46.80000480637557,-7.593925488436071e-14,-1.6226334847302301e-15,0.0,
3,23,46.800003915623456,4.689582056016661e-13,1.002047364028343e-14,0.0,
3,24,218.40002865153707,3.979039320256561e-13,1.8219042116543043e-15,0.0,
3,25,218.40003094997496,7.460698725481052e-14,3.4160703609011588e-16,0.0,
3,26,31.200003830809944,5.24469356832924e-13,1.6809913219145553e-14,0.0,
3,27,31.200003992038074,1.5631940186722204e-13,5.010236598274576e-15,0.0,
3,28,31.20000462107809,-1.3500311979441904e-13,-4.327022429452259e-15,0.0,
3,29,62.40001158662285,-6.323830348264892e-13,-1.0134341625059214e-14,0.0,
3,30,104.00002150450513,-1.0729195309977513e-12,-1.031653181871e-14,93.0000191986073,
3,31,78.00001767390944,-1.149302875091962e-12,-1.4734648906065532e-14,0.0,
3,32,109.20002517060854,-1.3535839116229909e-12,-1.239545420899144e-14,0.0,
3,33,31.20000710766601,-6.696865284538944e-13,-2.1464306919640054e-14,0.0,
4,1,0.0,1218.8983979911773,0.0,1623.2464797104276,
4,2,50.00000084513804,82.62586219387904,1.6525172159454777,64.00000107507414,
4,3,45.00000305762958,26.239444041424576,0.5830987168561043,0.0,
4,4,60.00000497877344,62.40805155134598,1.0401341062125653,64.0000053154767,
4,5,30.000002978007913,30.408048893607422,1.0136015291698015,0.0,
4,6,30.000004044403177,30.40804889360728,1.013601493139806,0.0,
4,7,100.000013476514,64.00001485332314,0.6400000622835333,10.000001325660335,
4,8,100.00001823200863,64.0000148533231,0.64000003184837,0.0,
4,9,30.000005557354765,64.0000148533229,2.133333433254406,0.0,
4,10,30.000005448660037,64.00001485332308,2.133333440983814,10.000001733141781,
4,11,22.500003846023326,64.00001485332298,2.8444446183787835,0.0,
4,12,30.000005316283616,64.00001485332288,2.1333334503972403,0.0,
4,13,30.00000569772799,64.0000148533231,2.133333423272318,97.50001842662148,
4,14,60.00001175291691,64.0000148533227,1.0666667052812924,0.0,
4,15,30.00000658159828,64.00001485332284,2.133333360419322,0.0,
4,16,30.00000675128783,64.00001485332282,2.1333333483525116,64.00001395776192,
4,17,30.000007603533867,32.00000787444188,1.0666666588001938,64.00001574888446,
4,18,45.00001143201642,-1.5533407893286721e-13,-3.4518675438013506e-15,0.0,
4,19,45.00000116431197,110.40583224857451,2.453462875377296,0.0,
4,20,45.000004466106866,110.40583224857423,2.4534626953588363,64.00000618798707,
4,21,45.00000508861752,86.50516499378485,1.9223367824832935,64.00000702771645,
4,22,45.000005157868266,-1.7763568394002505e-14,-3.947459190656679e-16,0.0,
4,23,45.00000428216406,8.242295734817162e-13,1.8316211001082126e-14,0.0,
4,24,210.00003138398762,7.815970093361102e-13,3.72188996442077e-15,10.000001484945482,
4,25,210.00003403103776,1.7053025658242404e-13,8.120487092741132e-16,0.0,
4,26,30.000004158454278,-3.5926817076870066e-13,-1.1975604032289961e-14,0.0,
4,27,30.000004338194806,-3.339550858072471e-13,-1.1131834583839337e-14,10.00000143062001,
4,28,30.000005051775197,-4.618527782440651e-13,-1.5395090015717706e-14,0.0,
4,29,60.000012647444045,-6.963318810448982e-13,-1.1605528904410345e-14,0.0,
4,30,100.00002331346693,-7.069900220812997e-13,-7.0698985725745314e-15,97.5000228264669,
4,31,75.00001918601212,-8.402167850363185e-13,-1.1202887601301082e-14,0.0,
4,32,105.00002726882472,-7.7982065249671e-13,-7.426861428332641e-15,0.0,
4,33,30.00000769417656,-3.1086244689504383e-15,-1.0362078905579307e-16,0.0,
5,1,0.0,1067.6900777611922,0.0,1411.1944912581087,
5,2,50.00000058514609,79.85393388051654,1.597078658919844,64.00000074416381,
5,3,45.0000021366093,23.96208390372304,0.5324907281332978,0.0,
5,4,60.00000346309193,59.06867271997014,0.9844778218438823,64.0000036987039,
5,5,30.000002069673183,27.068670870618696,0.9022889667725139,0.0,
5,6,30.000002802131608,27.068670870618526,0.9022889447428718,0.0,
5,7,100.00000927841553,64.00001027281155,0.640000043346252,30.0000027353268,
5,8,100.0000124432224,64.00001027281147,0.6400000230914884,0.0,
5,9,30.000003789559294,64.00001027281131,2.1333334062805958,0.0,
5,10,30.000003701717716,64.00001027281137,2.1333334125271093,30.000003518430635,
5,11,22.500002601337087,64.00001027281145,2.8444445721534355,0.0,
5,12,30.000003606771635,64.00001027281151,2.1333334192788347,0.0,
5,13,30.000003887775268,64.00001027281135,2.1333333992963506,100.50001295502211,
5,14,60.000008041137846,64.00001027281132,1.0666666949266232,0.0,
5,15,30.000004538611375,64.00001027281132,2.1333333530146765,0.0,
5,16,30.000004661988452,64.0000102728113,2.133333344241196,64.0000096173157,
5,17,30.000005285769788,32.00000546415326,1.0666666608666284,64.00001092830651,
5,18,45.00000794832433,-2.867150961094467e-14,-6.37144545482515e-16,0.0,
5,19,45.00000080406588,108.91026752416364,2.4202281239586845,0.0,
5,20,45.000003058186806,108.9102675241636,2.42022800272565,64.00000422836845,
5,21,45.00000347623605,84.58321467686444,1.8796268476186184,64.00000479014452,
5,22,45.0000035267966,2.531308496145357e-14,5.625129550574398e-16,0.0,
5,23,45.00000300029822,1.9895196601282805e-13,4.4211545055121345e-15,0.0,
5,24,210.00002204407605,7.105427357601002e-14,3.383536481776975e-16,30.000003126228947,
5,25,210.000024026899,2.4513724383723456e-13,1.1673200751912047e-15,0.0,
5,26,30.000002882814044,1.7363888105137448e-13,5.7879621455251975e-15,0.0,
5,27,30.00000301195328,1.3145040611561853e-13,4.3816797639401266e-15,30.00000297535721,
5,28,30.000003542383766,1.829647544582258e-13,6.098824428461638e-15,0.0,
5,29,60.000008874751465,-9.947598300641403e-14,-1.6579328048778739e-15,0.0,
5,30,100.00001627655351,1.2434497875801753e-13,1.2434495851894382e-15,100.50001650684537,
5,31,75.00001338621942,-6.217248937900877e-14,-8.28966377097106e-16,0.0,
5,32,105.00001897857196,2.007283228522283e-13,1.911697967342199e-15,0.0,
5,33,30.0000053509833,-1.3322676295501878e-15,-4.4408913063961187e-17,0.0,
6,1,0.0,958.2229456701423,0.0,1263.9793092850732,
6,2,55.00000043563817,73.43742917059174,1.3352259743439334,64.00000050342145,
6,3,49.500001620525396,18.74143838087874,0.3786149043903772,0.0,
6,4,66.0000026053729,49.25489267376895,0.7462862231729553,64.00000253147641,
6,5,33.00000155451742,17.254891408030396,0.5228754725821626,0.0,
6,6,33.00000209256203,17.25489140803031,0.522875464056999,0.0,
6,7,110.0000068382648,64.00000690848142,0.5818182084532223,50.00000304829873,
6,8,110.00000894048574,64.00000690848131,0.5818181973340365,0.0,
6,9,33.00000272242665,64.00000690848171,1.9393939887461766,0.0,
6,10,33.00000264223884,64.00000690848151,1.939393993458769,50.00000377098304,
6,11,24.750001836526224,64.00000690848148,2.5858586731104736,0.0,
6,12,33.00000256479713,64.00000690848141,1.9393939980099775,0.0,
6,13,33.00000280319408,64.00000690848117,1.939393983999498,105.00000886429486,
6,14,66.00000582575296,64.00000690848137,0.9696969887767615,0.0,
6,15,33.00000334289746,64.0000069084813,1.9393939522813994,0.0,
6,16,33.00000344215089,64.00000690848142,1.9393939464483279,64.00000642571982,
6,17,33.000003946341316,32.000003695621636,0.9696969657232254,64.00000739124333,
6,18,49.50000593670398,2.166600232555993e-13,4.376969641834873e-15,0.0,
6,19,49.50000059536776,105.10714720318197,2.123376685636201,0.0,
6,20,49.500002227030166,105.10714720318215,2.1233766156436036,64.00000278690875,
6,21,49.5000025175442,79.3834507371624,1.6037059939345792,64.00000313856563,
6,22,49.50000255952234,7.860379014346108e-14,1.5879552743243248e-15,0.0,
6,23,49.5000022875116,-5.044853423896711e-13,-1.0191622607600328e-14,0.0,
6,24,231.00001689479905,-3.232969447708456e-13,-1.3995537711067787e-15,50.000003624534806,
6,25,231.00001857659163,4.511946372076636e-13,1.9532233806209112e-15,0.0,
6,26,33.000002156064966,2.1338486533295509e-13,6.466207617920951e-15,0.0,
6,27,33.00000226041886,-2.1316282072803006e-14,-6.459478973542483e-16,50.000003373596584,
6,28,33.00000270392126,-6.483702463810914e-13,-1.9647581613805388e-14,0.0,
6,29,66.00000677197049,-5.044853423896711e-13,-7.643716524646188e-15,0.0,
6,30,110.00001229845662,1.7053025658242404e-13,1.550274886513051e-15,105.00001195024961,
6,31,82.50001006158159,1.865174681370263e-13,2.260817519874259e-15,0.0,
6,32,115.50001418059767,-3.2462921240039577e-13,-2.810642186526491e-15,0.0,
6,33,33.000003992905235,-7.296385717836529e-13,-2.2110257075742172e-14,0.0,
7,1,0.0,1083.7160410168447,0.0,1442.373456829977,
7,2,61.99999941769896,74.05462123586187,1.1944293859899895,63.999999402606655,
7,3,55.79999786134163,19.107644453953917,0.34243091731714453,0.0,
7,4,74.3999965484255,49.78267623489781,0.6691220234465365,63.99999702859612,
7,5,37.199997953043344,17.782677720599516,0.47802899728774606,0.0,
7,6,37.199997257377916,17.782677720599338,0.47802900622721095,0.0,
7,7,123.9999909763662,63.999991781933055,0.5161290035426788,69.99999498256686,
7,8,123.99998823013914,63.99999178193291,0.5161290149733839,0.0,
7,9,37.19999644237542,63.99999178193319,1.7204300511445545,0.0,
7,10,37.199996548704,63.999991781932856,1.720430046227048,69.99999380670353,
7,11,27.899997564015408,63.99999178193284,2.2939067157653854,0.0,
7,12,37.19999660643529,63.99999178193284,1.7204300435570838,0.0,
7,13,37.19999626806017,63.999991781932884,1.7204300592062998,107.99998921577082,
7,14,74.39999221822342,63.999991781933076,0.8602150332786865,0.0,
7,15,37.19999560365704,63.99999178193296,1.720430089933701,0.0,
7,16,37.199995432351514,63.99999178193302,1.720430097856262,63.99999236081468,
7,17,37.199994749833344,31.999995601525665,0.8602150569300557,63.999991203051266,
7,18,55.799992076107166,3.697042672001771e-14,6.625525442654672e-16,0.0,
7,19,55.79999921113263,105.28999662935766,1.8869175289943607,0.0,
7,20,55.79999706412726,105.28999662935757,1.886917601596909,63.999996718133914,
7,21,55.799996680706855,79.19975960526406,1.419350614991126,63.99999630217726,
7,22,55.79999662647632,-3.419486915845482e-14,-6.128113122901128e-16,0.0,
7,23,55.79999696750674,2.2737367544323206e-13,4.074797272401923e-15,0.0,
7,24,260.3999775879181,-7.105427357601002e-15,-2.728658974328067e-17,69.99999400973056,
7,25,260.39997528090163,-1.7053025658242404e-13,-6.548781596406363e-16,0.0,
7,26,37.199997165220324,3.1863400806741993e-13,8.56543097711101e-15,0.0,
7,27,37.19999702495861,2.3092638912203256e-13,6.207699128768667e-15,69.99999445449362,
7,28,37.19999642236275,1.4566126083082054e-13,3.915625667728731e-15,0.0,
7,29,74.3999909506351,2.2026824808563106e-13,2.9605950924346288e-15,0.0,
7,30,123.99998259769416,9.592326932761353e-14,7.735748612064504e-16,107.99998540333428,
7,31,92.99998657199315,3.2507330161024584e-13,3.4954123499641594e-15,0.0,
7,32,130.1999810649699,9.192646643896296e-14,7.0604055151967785e-16,0.0,
7,33,37.19999463901766,-1.4299672557172016e-13,-3.843998553207756e-15,0.0,
8,1,0.0,1383.6888992886309,0.0,1868.589773146325,
8,2,74.99999772624923,75.6760580862022,1.009014138405985,63.99999807108324,
8,3,67.49999169291227,20.324754822804607,0.3011075159130542,0.0,
8,4,89.99998655974917,51.55219899576173,0.5728022966040919,63.999990439536475,
8,5,44.99999204662536,19.5522037759928,0.4344934940373853,0.0,
8,6,44.999989358386244,19.552203775993043,0.43449351999345026,0.0,
8,7,149.99996489042744,63.99997330334818,0.4266665885561982,84.9999803724925,
8,8,149.99995424611632,63.999973303347936,0.4266666188333519,0.0,
8,9,44.99998620227184,63.999973303347936,1.422222065039586,0.0,
8,10,44.99998661582976,63.9999733033481,1.4222220519691147,84.99997578639912,
8,11,33.74999050177435,63.99997330334783,1.896296038956904,0.0,
8,12,44.9999867658365,63.99997330334798,1.4222220472281573,0.0,
8,13,44.999985367728506,63.99997330334786,1.4222220914152806,112.4999635702312,
8,14,89.99996946129997,63.9999733033479,0.711111055775057,0.0,
8,15,44.999982832272515,63.99997330334803,1.4222221715482377,0.0,
8,16,44.99998209688699,63.99997330334813,1.4222221947900624,63.99997516290499,
8,17,44.99997944654955,31.999985721895452,0.7111111186151687,63.99997144379055,
8,18,67.4999689406422,-9.853229343548264e-14,-1.4597383522076801e-15,0.0,
8,19,67.49999692639143,106.07096405772289,1.5714217612986412,0.0,
8,20,67.49998854899854,106.07096405772313,1.571421956327085,63.99998939163353,
8,21,67.49998704892984,79.92217303353465,1.1840324202669865,63.999988041546416,
8,22,67.49998683408187,-2.6201263381153694e-14,-3.8816694061819047e-16,0.0,
8,23,67.49998820522492,-3.481659405224491e-13,-5.158014834964058e-15,0.0,
8,24,314.99991277856776,-5.542233338928781e-13,-1.7594396423927736e-15,84.99997656966559,
8,25,314.9999037757046,3.552713678800501e-15,1.127845956845183e-17,0.0,
8,26,44.999988988717206,4.551914400963142e-14,1.0115367810655326e-15,0.0,
8,27,44.99998844081613,-1.5631940186722204e-13,-3.4737653782469946e-15,84.99997832617709,
8,28,44.999986073921434,-4.618527782440651e-14,-1.02633982482879e-15,0.0,
8,29,89.99996459363878,1.2789769243681803e-13,1.4210860305811484e-15,0.0,
8,30,149.9999305596534,3.232969447708456e-13,2.155313962910628e-15,112.49995074609384,
8,31,112.49994746193347,-5.3290705182007514e-14,-4.736953783915272e-16,0.0,
8,32,157.49992591287491,6.217248937900877e-14,3.947461499975629e-16,0.0,
8,33,44.999978981029926,2.708944180085382e-14,6.019878767559775e-16,0.0,
9,1,0.0,1702.2057864038688,0.0,2321.909731963779,
9,2,87.99999611753758,76.86897402922409,0.8735111070522515,63.99999719230555,
9,3,79.19998586757478,21.24140356735191,0.26819958784927433,0.0,
9,4,105.59997708612836,52.837138998536744,0.5003518036319483,63.99998611328507,
9,5,52.799986459593306,20.83714594189363,0.39464301677122304,0.0,
9,6,52.799981893618124,20.837145941893787,0.394643050898704,0.0,
9,7,175.99994012699113,63.99996092482022,0.36363626532282706,94.99996807962508,
9,8,175.99992206500932,63.9999609248199,0.3636363026409759,0.0,
9,9,52.799976531912925,63.9999609248203,1.2121210108140479,0.0,
9,10,52.79997722745393,63.9999609248201,1.2121209948466156,94.99996062541588,
9,11,39.59998377324799,63.9999609248198,1.6161612916633405,0.0,
9,12,52.79997738768716,63.99996092481997,1.2121209911681634,0.0,
9,13,52.79997489437045,63.99996092482027,1.2121210484068614,115.49994528654415,
9,14,105.59994758653876,63.99996092482037,0.6060605368423374,0.0,
9,15,52.79997064317369,63.99996092482044,1.2121211460009544,0.0,
9,16,52.799969302100216,63.999960924820414,1.2121211767877809,63.9999636151728,
9,17,52.79996480429711,31.99997911723384,0.6060606145447568,63.99995823446766,
9,18,79.19994676844316,2.7250424139424467e-13,3.440712431170758e-15,0.0,
9,19,79.19999475881684,106.70871946128919,1.3473324055922362,0.0,
9,20,79.19998043944678,106.70871946128864,1.3473326491901596,63.99998452658147,
9,21,79.19997786950469,80.59793579057573,1.0176509887840426,63.999982549877856,
9,22,79.19997750064286,3.2862601528904634e-14,4.1493195536119807e-16,0.0,
9,23,79.19997991405715,-1.4210854715202004e-14,-1.7943002928312269e-16,0.0,
9,24,369.59985135399654,2.3447910280083306e-13,6.344134120775198e-16,94.99996193063912,
9,25,369.5998360473692,-4.796163466380676e-13,-1.2976638511728082e-15,0.0,
9,26,52.79998124827917,7.838174553853605e-14,1.4845032836274092e-15,0.0,
9,27,52.79998030947022,5.684341886080802e-14,1.0765803041523589e-15,94.99996477801065,
9,28,52.799976257693096,-1.9539925233402755e-13,-3.700745079512367e-15,0.0,
9,29,105.59993941043551,-4.973799150320701e-14,-4.710039776622433e-16,0.0,
9,30,175.9998795955565,4.156675004196586e-13,2.3617487771858282e-15,115.49992615834705,
9,31,131.99991009439137,-5.3290705182007514e-14,-4.037177384734584e-16,0.0,
9,32,184.79987322063525,-4.973799150320701e-14,-2.6914516030984556e-16,0.0,
9,33,52.79996398032029,3.148592497836944e-13,5.96324743518858e-15,0.0,
10,1,0.0,2021.4759973355892,0.0,2776.680236846987,
10,2,99.99999407012609,77.7998315426946,0.7779983615612679,63.9999962257311,
10,3,89.99997846679953,21.955009479608194,0.24394460813907048,0.0,
10,4,119.99996502379423,53.81968429868397,0.4484974998785401,63.99998135091906,
10,5,59.99997934527262,21.819693623224737,0.36366168557596185,0.0,
10,6,59.99997237544958,21.819693623225056,0.3636617278202799,0.0,
10,7,199.99990849058153,63.9999471880939,0.3199998823554852,99.99995477289393,
10,8,199.99988096191402,63.999947188093984,0.3199999264013637,0.0,
10,9,59.99996417590644,63.999947188094225,1.0666664233408663,0.0,
10,10,59.99996521207762,63.99994718809405,1.0666664049200358,99.9999441557528,
10,11,44.9999751446572,63.99994718809439,1.4222218341756803,0.0,
10,12,59.9999653528169,63.99994718809418,1.0666664024180055,0.0,
10,13,59.99996139280821,63.999947188094,1.066666472818185,110.99992882527312,
10,14,119.99991944637269,63.99994718809414,0.5333332512501842,0.0,
10,15,59.99995500356032,63.99994718809445,1.066666586404886,0.0,
10,16,59.99995287586597,63.99994718809416,1.0666666242305853,63.99995077250505,
10,17,59.99994606802034,31.99997180184183,0.5333333427594137,63.999943603683704,
10,18,89.99991839216732,6.017408793468348e-14,6.686015833089959e-16,0.0,
10,19,89.99999199851631,107.28898400170044,1.1920999282252065,0.0,
10,20,89.99997006306943,107.28898400170118,1.192100218772474,63.99997913365501,
10,21,89.99996611539964,81.28636906077055,0.9031822184971009,63.99997645659615,
10,22,89.99996555235545,4.440892098500626e-15,4.9343264425109556e-17,0.0,
10,23,89.99996937715841,2.842170943040401e-14,3.1579687890002004e-16,0.0,
10,24,419.99977319342315,-5.684341886080801e-13,-1.353415465646688e-15,99.99994616260071,
10,25,419.99975003417006,8.881784197001252e-14,2.1147117816805018e-16,0.0,
10,26,59.9999713739305,-1.1834977442504169e-13,-1.9724971814980517e-15,0.0,
10,27,59.9999699335669,3.232969447708456e-13,5.388285112955991e-15,99.99995013146697,
10,28,59.999963746464346,2.149391775674303e-13,3.582321790654351e-15,0.0,
10,29,119.99990722867811,4.263256414560601e-14,3.552716425385493e-16,0.0,
10,30,199.99981427793446,-2.1316282072803006e-13,-1.0658150933670533e-15,110.99990427425885,
10,31,149.99986234291998,5.329070518200751e-15,3.5527169391781006e-17,0.0,
10,32,209.99980590009258,6.217248937900877e-14,2.9605974687703917e-16,0.0,
10,33,59.99994480499013,-1.4210854715202004e-14,-2.3684779646697446e-16,0.0,
11,1,0.0,2186.632430577732,0.0,3011.9254111115893,
11,2,104.99999638502399,78.28464279962132,0.7455680523317328,63.999997808592184,
11,3,94.49998688474113,22.35108361664839,0.23651943617631768,0.0,
11,4,125.9999786753754,54.34162156631179,0.4312827838353591,63.99998917206083,
11,5,62.9999874052761,22.341626980281745,0.3546290705831266,0.0,
11,6,62.99998314385761,22.34162698028345,0.3546290945708248,0.0,
11,7,209.99994410841884,63.99996933650012,0.30476183985772015,91.99997579110672,
11,8,209.9999273648431,63.999969336498715,0.3047618641567835,0.0,
11,9,62.99997813160753,63.999969336498665,1.0158728817778657,0.0,
11,10,62.99997874462984,63.99996933649951,1.0158728718929118,91.99997008034227,
11,11,47.249984803308024,63.999969336499575,1.3544971411719664,0.0,
11,12,62.9999788204728,63.999969336499205,1.0158728706699414,0.0,
11,13,62.99997639458206,63.99996933649943,1.0158729097873658,107.99995967143126,
11,14,125.99995078612042,63.99996933649858,0.5079364629684325,0.0,
11,15,62.99997254893021,63.99996933649916,1.015872971798397,0.0,
11,16,62.99997125510163,63.99996933649977,1.0158729926613603,63.99997138979793,
11,17,62.999967162658564,31.999983641600274,0.5079365130299203,63.99996728320004,
11,18,94.49995030900836,-8.425204978124157e-13,-8.915565511488964e-15,0.0,
11,19,94.49999512070474,107.61691249035555,1.1388033655758032,0.0,
11,20,94.49998170973366,107.61691249035542,1.138803527189156,63.99998785355009,
11,21,94.49997929307168,81.76455749336665,0.8652336022190141,63.99998629171107,
11,22,94.49997895073268,2.460254222569347e-13,2.603444201666959e-15,0.0,
11,23,94.49998135061666,-1.6342482922482304e-13,-1.7293636135067513e-15,0.0,
11,24,440.9998618445306,2.4158453015843406e-13,5.478108975997863e-16,91.99997126155725,
11,25,440.9998478541179,1.1510792319313623e-12,2.6101578890161833e-15,0.0,
11,26,62.999982530677194,-3.5793590313915047e-13,-5.6815238474845176e-15,0.0,
11,27,62.99998165146669,-1.1226575225009583e-12,-1.781996586462215e-14,91.99997332751067,
11,28,62.99997791779921,-1.5987211554602254e-13,-2.5376535171904296e-15,0.0,
11,29,125.99994351659322,1.3287149158713873e-12,1.0545361202454871e-14,0.0,
11,30,209.9998868299846,-1.8474111129762605e-13,-8.797200516931326e-16,107.9999459959983,
11,31,157.49991623917924,-1.092459456231154e-12,-6.93625420455555e-15,0.0,
11,32,220.49988189915598,-3.907985046680551e-14,-1.7723297686244745e-16,0.0,
11,33,62.99996640829752,1.3584688929313415e-12,2.1563009797929385e-14,0.0,
12,1,0.0,2349.4449226947704,0.0,3243.943204387444,
12,2,109.99999574372089,78.68467962356027,0.7153152969831076,63.999997537000745,
12,3,98.99998456996333,22.675688898529735,0.2290473983104999,0.0,
12,4,131.99997488860694,54.76153214974916,0.4148601709656513,63.99998782972248,
12,5,65.99998516756027,22.76153823488834,0.3448718689421144,0.0,
12,6,65.99998013729751,22.76153823489033,0.34487189522694217,0.0,
12,7,219.9999340836248,63.99996551097853,0.29090902130293966,84.99997481454074,
12,8,219.99991441344534,63.99996551097852,0.2909090473130982,0.0,
12,9,65.9999742249046,63.99996551097837,0.9696968258334328,0.0,
12,10,65.99997492736273,63.99996551097887,0.9696968155126574,84.99996885051272,
12,11,49.49998206159644,63.99996551097886,1.2929290647285292,0.0,
12,12,65.99997500242853,63.99996551097895,0.9696968144097633,0.0,
12,13,65.99997212627451,63.999965510979024,0.9696968566673183,104.99995580320403,
12,14,131.9999419242813,63.999965510978285,0.4848484368856039,0.0,
12,15,65.99996764577948,63.99996551097858,0.9696969224964644,0.0,
12,16,65.99996611862159,63.99996551097858,0.9696969449340563,63.999967796161215,
12,17,65.99996134884759,31.99998161289764,0.484848490194705,63.999963225795376,
12,18,98.9999415066696,-7.016887071387146e-13,-7.087768906322455e-15,0.0,
12,19,98.99999425421677,107.88831448612748,1.0897810176542726,0.0,
12,20,98.99997842573572,107.88831448612707,1.0897811918924698,63.99998631825578,
12,21,98.99997557028681,82.15445078821944,0.8298431420308019,63.999984555572595,
12,22,98.99997516905802,-9.547918011776346e-14,-9.644364047033118e-16,0.0,
12,23,98.99997805873898,-8.739675649849232e-13,-8.827957158398338e-15,0.0,
12,24,461.9998374064172,-4.263256414560601e-14,-9.227830984733122e-17,84.99997016696713,
12,25,461.9998210693219,4.440892098500626e-13,9.612324282338373e-16,0.0,
12,26,65.99997941132432,3.788080960021034e-13,5.739518396533125e-15,0.0,
12,27,65.99997837355946,3.126388037344441e-13,4.7369531239072604e-15,84.99997226687958,
12,28,65.99997400976952,8.22453216642316e-13,1.2461417280567019e-14,0.0,
12,29,131.99993352227278,7.247535904753022e-13,5.4905602687520455e-15,0.0,
12,30,219.9998666408658,-1.7763568394002505e-14,-8.07435416449605e-17,104.99994100962894,
12,31,164.99990145886284,-7.389644451905042e-13,-4.478575069784148e-15,0.0,
12,32,230.99986106417182,-4.547473508864641e-13,-1.9686044346153748e-15,0.0,
12,33,65.99996047255365,4.649614027130156e-13,7.044873957255953e-15,0.0,
13,1,0.0,2423.972821962946,0.0,3350.138677676934,
13,2,111.99996481544758,78.87574758909327,0.7042479675691321,63.99998000441119,
13,3,100.79987235094433,22.830622790925304,0.22649456054307612,0.0,
13,4,134.39979225148625,54.960844896811125,0.4089354899743407,63.99990110173272,
13,5,67.1998772059338,22.960894345945746,0.3416805997365466,0.0,
13,6,67.19983545390747,22.96089434594567,0.3416808120266098,0.0,
13,7,223.99945383981037,63.99972082684414,0.2857137360371089,79.99980716769994,
13,8,223.99929064450785,63.99972082684395,0.28571394419464036,0.0,
13,9,67.19978617894427,63.999720826844346,0.9523798283587009,0.0,
13,10,67.19979192813352,63.99972082684426,0.952379746879104,79.99976120062752,
13,11,50.39985126708835,63.99972082684389,1.2698394780509283,0.0,
13,12,67.19979274173785,63.999720826843856,0.9523797353484034,0.0,
13,13,67.19976915737602,63.99972082684428,0.9523800695946215,101.99965081299096,
13,14,134.39951955148823,63.999720826843586,0.4761901012772996,0.0,
13,15,67.19973237178195,63.999720826844154,0.9523805909339972,0.0,
13,16,67.19972020536918,63.999720826843934,0.9523807633611313,63.99973898536479,
13,17,67.19968165592434,31.999851334161487,0.47619051974095733,63.999702668323025,
13,18,100.79951842273735,6.122879980807738e-14,6.074314715601459e-16,0.0,
13,19,100.79995243628326,108.02754289904367,1.0717023201705282,0.0,
13,20,100.79982107712397,108.02754289904334,1.0717037167793115,63.9998886070755,
13,21,100.79979734193849,82.36403432371193,0.8171051579033659,63.99987422257697,
13,22,100.79979395502302,-2.4424906541753444e-14,-2.423110760787057e-16,0.0,
13,23,100.79981862061881,-7.318590178329032e-13,-7.260519193862913e-15,0.0,
13,24,470.3986562000108,5.755396159656812e-13,1.2235145835981407e-15,79.99977216811646,
13,25,470.39852058773255,5.009326287108706e-13,1.0649111482854743e-15,0.0,
13,26,67.1998295181588,3.863576125695545e-14,5.749383820462708e-16,0.0,
13,27,67.19982099232853,1.4210854715202004e-14,2.1147161562862353e-16,79.99978791409603,
13,28,67.19978532088311,1.2789769243681803e-13,1.9032455509507757e-15,0.0,
13,29,134.39945239256068,2.7711166694643907e-13,2.0618511609484644e-15,0.0,
13,30,223.9989087396803,1.8474111129762605e-13,8.247411218968142e-16,101.9995367294412,
13,31,167.99918917528245,-2.398081733190338e-13,-1.4274364923799082e-15,0.0,
13,32,235.19885686854155,2.540190280342358e-13,1.0800181234563283e-15,0.0,
13,33,67.19967491182729,1.6786572132332367e-13,2.4980138898525972e-15,0.0,
14,1,0.0,2381.4982487987713,0.0,3289.4911231329042,
14,2,110.0000191480898,78.8544626057396,0.7168586261751477,64.00001108030436,
14,3,99.00006947629969,22.80965322611725,0.23040037594698667,0.0,
14,4,132.00011303265123,54.94150001630368,0.4162231285568178,64.0000547834345,
14,5,66.0000667663724,22.941472624587625,0.34759771843558956,0.0,
14,6,66.00008940638368,22.941472624587973,0.3475975991991463,0.0,
14,7,220.0002966912819,64.00015462823323,0.29090940144522726,78.00010402234126,
14,8,220.00038457038062,64.00015462823313,0.29090928524153903,0.0,
14,9,66.0001158528176,64.00015462823316,0.969697610394436,0.0,
14,10,66.00011275545586,64.00015462823326,0.9696976559020004,78.00012856136163,
14,11,49.50008066938595,64.00015462823343,1.2929303096634197,0.0,
14,12,66.00011240118859,64.00015462823345,0.9696976611070268,0.0,
14,13,66.00012531887853,64.00015462823319,0.9696974713156602,97.50018451305911,
14,14,132.00026086853686,64.00015462823286,0.4848486980792606,0.0,
14,15,66.00014523277285,64.00015462823326,0.9696971787336843,0.0,
14,16,66.00015200119797,64.00015462823305,0.9696970792896261,64.00014447019407,
14,17,66.00017320059438,32.0000823931359,0.48484846086506506,64.00016478627218,
14,18,99.00026205845033,-4.0811798385220754e-13,-4.122392965093893e-15,0.0,
14,19,99.00002584763314,108.04239624283268,1.0913370508520501,0.0,
14,20,99.00009703660169,108.0423962428323,1.0913362660936337,64.00006153776307,
14,21,99.00010986551328,82.40469656685076,0.8323697486678897,64.00006945820104,
14,22,99.0001116589096,2.930988785010413e-14,2.960591393178127e-16,0.0,
14,23,99.00009881153167,3.694822225952521e-13,3.7321399375433175e-15,0.0,
14,24,462.0007324489687,9.094947017729282e-13,1.9686001295969556e-15,78.00012330131754,
14,25,462.0008070366158,6.679101716144942e-13,1.4456904867734551e-15,0.0,
14,26,66.0000926791706,-1.4876988529977098e-13,-2.25408600595378e-15,0.0,
14,27,66.00009736456909,9.237055564881302e-14,1.3995518088190037e-15,78.00011455767967,
14,28,66.00011693165496,3.481659405224491e-13,5.2752321769821266e-15,0.0,
14,29,132.00029842868094,8.100187187665142e-13,6.1364915716774916e-15,0.0,
14,30,220.00059667633457,-3.304023721284466e-13,-1.5018248910230703e-15,97.50024572264041,
14,31,165.00044156367426,-5.559996907322784e-13,-3.3696860775837144e-15,0.0,
14,32,231.0006224267049,-5.133671265866724e-13,-2.2223625252332843e-15,0.0,
14,33,66.00017706146132,1.2390088954816747e-13,1.8772811690003087e-15,0.0,
15,1,0.0,2271.898064555331,0.0,3133.0527912237867,
15,2,105.00000263566733,78.76111069868156,0.7501057973490688,64.00000159776924,
15,3,94.5000095556869,22.74792535338078,0.24071876246717094,0.0,
15,4,126.00001555138192,54.86236158233045,0.4354155143731547,64.00000789634184,
15,5,63.00000919117564,22.862357634160595,0.36289451267830775,0.0,
15,6,63.00001231736317,22.86235763416193,0.36289449467077217,0.0,
15,7,210.00004088169686,64.0000222939394,0.3047619515940651,70.00001347360472,
15,8,210.00005305373395,64.00002229393944,0.30476193392943274,0.0,
15,9,63.0000159930301,64.0000222939392,1.0158731118579356,0.0,
15,10,63.00001557228873,64.00002229393945,1.01587311864238,70.00001668495257,
15,11,47.25001113333124,64.0000222939399,1.3544975071718623,0.0,
15,12,63.00001550932729,64.00002229393967,1.0158731196576345,0.0,
15,13,63.00001726961375,64.00002229393942,1.0158730912730718,94.50002581653852,
15,14,126.00003593692516,64.00002229393935,0.5079365400020788,0.0,
15,15,63.00002001096491,64.00002229393932,1.0158730470688797,0.0,
15,16,63.00002092713046,64.00002229393935,1.015873032295744,64.00002082973461,
15,17,63.000023843990874,32.000011879071806,0.5079365042514037,64.00002375814407,
15,18,94.50003607333116,-1.3211653993039363e-13,-1.3980580899236103e-15,0.0,
15,19,94.50000356017412,108.01760957223452,1.143043444474083,0.0,
15,20,94.50001337351604,108.01760957223362,1.1430433257748716,64.00000888278146,
15,21,94.50001514396854,82.44857750973142,0.8724715798629552,64.00001002746662,
15,22,94.50001538852294,1.687538997430238e-14,1.7857552620411426e-16,0.0,
15,23,94.50001357912629,-2.4158453015843406e-13,-2.5564496872389513e-15,0.0,
15,24,441.00010057798016,9.094947017729282e-13,2.062345792168603e-15,70.00001591867183,
15,25,441.0001105630035,9.698908343125368e-13,2.1992983926337888e-15,0.0,
15,26,63.000012764988384,-5.726530361016557e-13,-9.08972889002178e-15,0.0,
15,27,63.00001340728407,-4.085620730620576e-13,-6.485110890703709e-15,70.00001482910378,
15,28,63.00001607549118,7.052136652418994e-13,1.119386484595276e-14,0.0,
15,29,126.0000410403554,3.552713678800501e-13,2.8196131123978243e-15,0.0,
15,30,210.00008196787962,-3.161915174132446e-13,-1.5056733047447448e-15,94.50003431802767,
15,31,157.50006078601086,-6.092903959142859e-13,-3.8685089572257675e-15,0.0,
15,32,220.50008569993705,-2.2737367544323206e-13,-1.0311727304843263e-15,0.0,
15,33,63.00002437395815,6.687983500341943e-13,1.061584271879505e-14,0.0,
16,1,0.0,2130.630126835097,0.0,2931.3609998573206,
16,2,98.00000283042519,78.67742693497293,0.802830863904288,64.00000183828308,
16,3,88.20001026670089,22.708894655695488,0.25747043097872546,0.0,
16,4,117.60001670353051,54.808907007211914,0.4660620682170913,64.00000908805535,
16,5,58.800009879226494,22.808902463184396,0.3879064393021909,0.0,
16,6,58.80001324824303,22.80890246318542,0.38790641707664847,0.0,
16,7,196.00004396333767,64.00002551076886,0.3265306691601571,55.000012193336914,
16,8,196.00005702238604,64.00002551076868,0.3265306474041431,0.0,
16,9,58.80001720791218,64.00002551076855,1.0884354894739157,0.0,
16,10,58.800016767624065,64.00002551076938,1.0884354976240158,55.00001511180479,
16,11,44.10001197253831,64.00002551076952,1.451247350014853,0.0,
16,12,58.800016669511336,64.00002551076902,1.0884354994401553,0.0,
16,13,58.80001851190519,64.00002551076891,1.0884354653359654,90.00002823529431,
16,14,117.60003848771039,64.00002551076847,0.5442177258934885,0.0,
16,15,58.80002143273245,64.00002551076892,1.088435411269115,0.0,
16,16,58.80002237620776,64.0000255107693,1.0884353938046396,64.00002384600211,
16,17,58.800025470581474,32.00001358776783,0.5442176824188267,64.00002717553498,
16,18,88.20003851956947,-9.116596366709473e-13,-1.0336272545602936e-14,0.0,
16,19,88.20000382599366,108.0241945680531,1.2247640576203354,0.0,
16,20,88.20001437129544,108.02419456805366,1.2247639111860504,64.00001022225825,
16,21,88.20001627264132,82.60509172772657,0.9365654930536534,64.00001153857218,
16,22,88.20001653253263,-4.574118861455645e-14,-5.186074834542098e-16,0.0,
16,23,88.20001457725023,1.9184653865522705e-13,2.1751304642608387e-15,0.0,
16,24,411.6001078910783,-4.902744876744691e-13,-1.1911427579222366e-15,55.00001437141665,
16,25,411.6001185108833,7.354117315117037e-13,1.7867140907838645e-15,0.0,
16,26,58.8000137247661,3.7969627442180354e-13,6.45741812576956e-15,0.0,
16,27,58.80001441246908,2.2026824808563106e-13,3.746057722715816e-15,55.000013413375825,
16,28,58.80001723564309,7.922551503725117e-13,1.3473723097690974e-14,0.0,
16,29,117.60004387820067,1.6200374375330284e-12,1.3775823410499018e-14,0.0,
16,30,196.00008714245945,-3.907985046680551e-14,-1.9938690352928753e-16,90.00003740307834,
16,31,147.00006493216597,-2.327027459614328e-13,-1.5830111780482195e-15,0.0,
16,32,205.80009154631296,2.0961010704922955e-13,1.0185131866282926e-15,0.0,
16,33,58.8000260245703,3.703704010149522e-13,6.29881355597e-15,0.0,
17,1,0.0,2014.980396237983,0.0,2766.2263987197816,
17,2,92.00000197294803,78.62191713413797,0.8545860374791754,64.0000013648653,
17,3,82.80000715988744,22.69869659113992,0.2741388240137294,0.0,
17,4,110.40001164651451,54.78815929048072,0.4962695064372347,64.00000675052256,
17,5,55.200006893413736,22.788155915220216,0.41282885995326235,0.0,
17,6,55.20000925106139,22.78815591522048,0.41282884232093325,0.0,
17,7,184.00003069526693,64.00001883868838,0.347826131315611,40.00000659316703,
17,8,184.00003978478153,64.00001883868819,0.3478261141331643,0.0,
17,9,55.20001201941598,64.00001883868805,1.1594203786799315,0.0,
17,10,55.200011721171194,64.00001883868894,1.1594203849442777,40.00000817743514,
17,11,41.40000835864901,64.000018838688,1.5458938627319758,0.0,
17,12,55.20001163113504,64.00001883868882,1.1594203868353936,0.0,
17,13,55.20001288052633,64.00001883868842,1.1594203605931872,87.00002022753823,
17,14,110.40002675666841,64.00001883868808,0.5797101750686154,0.0,
17,15,55.200014900737834,64.00001883868856,1.159420318160695,0.0,
17,16,55.200015530786274,64.00001883868842,1.159420304927164,64.00001761802076,
17,17,55.20001766001187,32.00001002967766,0.5797101411592335,64.00002005935525,
17,18,82.80002669765565,-2.0644597142904786e-13,-2.4933080297532445e-15,0.0,
17,19,82.80000266889536,108.04274531494731,1.3048640317922917,0.0,
17,20,82.80001002642835,108.04274531494687,1.3048639158432647,64.00000759329006,
17,21,82.80001135221103,82.78958318678131,0.9998740559903385,64.00000857042939,
17,22,82.8000115315589,-8.881784197001252e-16,-1.072679101453506e-17,0.0,
17,23,82.80001015760357,-1.0160761121369433e-12,-1.2271449124256375e-14,0.0,
17,24,386.400075129211,-6.110667527536862e-13,-1.5814353880478601e-15,40.000007750767196,
17,25,386.40008245967465,-2.8066438062523957e-13,-7.263569377072537e-16,0.0,
17,26,55.20000958049647,3.086420008457935e-13,5.591339624601159e-15,0.0,
17,27,55.20001005859745,-7.105427357601002e-14,-1.287214866457135e-15,40.00000724900641,
17,28,55.20001199526526,3.375077994860476e-14,6.114270401154933e-16,0.0,
17,29,110.40003044809119,9.379164112033322e-13,8.4956173236232e-15,0.0,
17,30,184.00006013274555,9.592326932761353e-14,5.213219455385523e-16,87.00002669861338,
17,31,138.0000450171607,-6.341593916658894e-13,-4.595356411565155e-15,0.0,
17,32,193.20006346957862,-5.684341886080802e-14,-2.9422049786106103e-16,0.0,
17,33,55.20001803478819,1.0476064460362977e-12,1.8978371445025156e-14,0.0,
18,1,0.0,1754.8623384856944,0.0,2332.2128440980136,
18,2,85.00000374576068,122.31334761708406,1.4389804967883235,64.00000280412283,
18,3,76.5000137197,55.97736637584438,0.7317301481925003,0.0,
18,4,102.00002222254314,111.91709218392526,1.0972261549095068,64.00001394557947,
18,5,51.00001314041519,79.91708521113546,1.567001267060553,0.0,
18,6,51.00001757722691,79.9170852111358,1.5670011307372813,0.0,
18,7,170.00005794258882,145.47140089897744,0.8557138312747221,20.00000673092033,
18,8,170.00007336788784,145.47140089897798,0.8557137536298075,80.00003403555642,
18,9,51.000022180454565,145.47140089897778,2.852379169253161,0.0,
18,10,51.00002158671944,145.47140089897786,2.8523792024601624,20.00000812382855,
18,11,38.25001531491557,164.95932051505795,4.312660247504062,80.0000322626476,
18,12,51.0000213581946,89.47137707408814,1.754339992246141,0.0,
18,13,51.00002372792356,89.47137707408842,1.7543399107302964,84.00003892836904,
18,14,102.0000493706706,89.47137707408778,0.8771699388982321,0.0,
18,15,51.000027619719276,89.47137707408845,1.7543397768571825,0.0,
18,16,51.00002876858748,89.47137707408818,1.7543397373374898,64.00003527223205,
18,17,51.00003283588449,57.47135943797218,1.1268886752075649,64.0000403380333,
18,18,76.50004966751213,5.272171588188712e-14,6.891723091818706e-16,0.0,
18,19,76.50000504400988,183.71885630574846,2.401553518853448,0.0,
18,20,76.5000187134792,183.71885630574837,2.4015530897298643,64.00001531415931,
18,21,76.50002110141618,155.7644076327579,2.03613548584857,64.00001721199067,
18,22,76.50002145807122,-1.2434497875801753e-14,-1.6254241030006714e-16,0.0,
18,23,76.50001951100033,18.310253205427372,0.23934965405851233,0.0,
18,24,357.00014455082714,18.310253205427486,0.05128920389784493,20.000008064544513,
18,25,357.00015937232104,7.105427357601002e-14,1.9903148979243566e-16,0.0,
18,26,51.00001822459858,56.00003673793374,1.0980395436588988,0.0,
18,27,51.000019173796105,56.00003673793382,1.0980395232225075,20.00000746952505,
18,28,51.000022945010855,56.00003673793417,1.0980394420275932,0.0,
18,29,102.00005785185199,56.00003673793408,0.5490196566287271,0.0,
18,30,170.00011379458195,56.00003673793405,0.32941176030976765,84.00005281380157,
18,31,127.50008417266329,56.000036737933584,0.43921568445474246,0.0,
18,32,178.50011814228145,56.000036737933684,0.3137254883680041,80.00005248276263,
18,33,51.0000335690947,-1.3378187446733136e-13,-2.6231722825453453e-15,0.0,
19,1,0.0,1491.0026127223343,0.0,1923.2890441260765,
19,2,78.00000226896428,144.7002818340815,1.8551317644212024,64.00000185057516,
19,3,70.20000839946464,70.71847486512613,1.007385561305224,0.0,
19,4,93.60001353692955,146.93066675912021,1.5697718537310814,64.00000926071775,
19,5,46.80000799589545,114.93066212876067,2.4557829592430958,0.0,
19,6,46.80001065760739,114.93066212876118,2.45578281957248,0.0,
19,7,156.00003487655334,207.02618738642798,1.3270906480902578,10.000002205724673,
19,8,156.00004315899778,207.0261873864276,1.3270905776315918,140.0000381244178,
19,9,46.80001305250862,207.0261873864282,4.423635248865192,0.0,
19,10,46.80001267109959,207.026187386428,4.423635284916768,10.000002587867664,
19,11,35.10000893746849,245.1881503871196,6.985415611258909,140.00003593181236,
19,12,46.80001249753732,109.02616069933495,2.3296181962573637,0.0,
19,13,46.80001394352668,109.02616069933585,2.3296181242787046,81.00002402954813,
19,14,93.60002906679561,109.02616069933495,1.1648090474579962,0.0,
19,15,46.80001636065666,109.02616069933555,2.329618003958445,0.0,
19,16,46.800017039178975,109.02616069933569,2.3296179701828663,64.00002272437642,
19,17,46.80001955248487,77.02614933714722,1.6458572041997679,64.00002614367803,
19,18,70.20002958457697,2.5346391652192324e-13,3.610595579828781e-15,0.0,
19,19,70.20000304061325,235.12923502651373,3.349419157296659,0.0,
19,20,70.20001113006168,235.12923502651347,3.3494187713287173,64.0000099061677,
19,21,70.20001249650375,200.11709910299774,2.8506704199370962,64.00001108419261,
19,22,70.2000127186351,-3.552713678800501e-15,-5.060844779387636e-17,0.0,
19,23,70.2000119807266,22.462915930190036,0.31998450279976054,0.0,
19,24,327.6000889640639,22.462915930189467,0.06856810082445838,10.000002701971914,
19,25,327.6000986421835,7.673861546209082e-13,2.342447874104808e-15,0.0,
19,26,46.8000110638591,98.00004176223467,2.094017491331628,0.0,
19,27,46.800011666837136,98.00004176223379,2.094017464351989,10.000002473097787,
19,28,46.800014039920704,98.00004176223445,2.0940173581708716,0.0,
19,29,93.60003518166621,98.00004176223426,1.0470085996445213,0.0,
19,30,156.00006879194808,98.00004176223436,0.6282051188896182,81.00003363514773,
19,31,117.00005042052587,98.00004176223482,0.8376068335868188,0.0,
19,32,163.80007045623987,98.00004176223439,0.5982905959031053,140.00005966033555,
19,33,46.80002001254386,4.1255887595070817e-13,8.815356827628056e-15,0.0,
20,1,0.0,1160.3598570988377,0.0,1552.8481769390928,
20,2,72.00000137029764,73.36613324147433,1.0189740534052305,64.00000121031356,
20,3,64.80000514646126,11.76609048194831,0.18157545597958735,0.0,
20,4,86.40000824212365,32.00000305587933,0.3703703704078813,64.00000611175808,
20,5,43.200004864846974,1.4210854715202004e-13,3.289549332149674e-15,0.0,
20,6,43.2000064599311,1.4921397450962104e-13,3.4540266712233036e-15,0.0,
20,7,144.00002093322,3.9523939676655573e-13,2.7447176341026228e-15,0.0,
20,8,144.0000251751998,266.7843733125023,1.852668935216609,200.00003432702783,
20,9,43.20000762378556,266.78437331250217,6.1755631072067905,0.0,
20,10,43.20000737684117,266.78437331250194,6.1755631425081825,0.0,
20,11,32.4000051536344,328.59588542466923,10.141846702385777,200.00003210625283,
20,12,43.20000723643384,128.60093698601256,2.976873042686753,0.0,
20,13,43.2000081223729,128.6009369860127,2.976872981637506,79.50001487330789,
20,14,86.4000169691508,128.60093698601284,1.4884364783392336,0.0,
20,15,43.20000965036951,128.60093698601298,2.97687287634467,0.0,
20,16,43.200010044573894,128.6009369860133,2.9768728491804164,64.00001446149618,
20,17,43.20001160409124,96.60092975526521,2.2361320325690994,64.00001676624288,
20,18,64.80001755847802,6.38378239159465e-15,9.851513367004384e-17,0.0,
20,19,64.80000182709158,137.09042994987414,2.1155929951310495,0.0,
20,20,64.80000658432087,137.0904299498739,2.1155928398168493,64.00000632778509,
20,21,64.8000073528068,213.8803392083058,3.3006221441276056,64.00000703988613,
20,22,64.80000749165617,-1.716404796070492e-13,-2.648772527212286e-15,0.0,
20,23,64.80000736558696,-6.679101716144942e-13,-1.0307254563202382e-14,0.0,
20,24,302.40005486156025,1.8829382497642655e-13,6.22664652169551e-16,0.0,
20,25,302.4000612223349,-1.900701818158268e-13,-6.285388337804623e-16,0.0,
20,26,43.20000671463779,2.113864638886298e-13,4.893204422049409e-15,0.0,
20,27,43.20000710024074,2.0294876890147862e-13,4.6978873968830354e-15,0.0,
20,28,43.20000860317793,-3.5993430458347575e-13,-8.331810946838512e-15,0.0,
20,29,86.40002139444412,4.907185768843192e-14,5.679611751992857e-16,0.0,
20,30,144.00004132098942,-2.149391775674303e-13,-1.4926327492386684e-15,79.50002166261213,
20,31,108.00003012635415,3.375077994860476e-14,3.1250713457318656e-16,0.0,
20,32,151.20004186746553,140.00003836480153,0.9259259232713615,200.0000548068597,
20,33,43.20001187931839,-6.52811138479592e-14,-1.5111364790899963e-15,0.0,
21,1,0.0,991.6313837752039,0.0,1321.5913331978163,
21,2,66.00000060461336,66.51745053673193,1.0078401504148229,64.00000058250086,
21,3,59.40000227967073,11.38745042475454,0.19170791225123945,0.0,
21,4,79.20000364315244,32.00000147382322,0.4040404040636671,64.00000294764592,
21,5,39.60000215057604,-3.552713678800501e-15,-8.971498701670706e-17,0.0,
21,6,39.60000285362966,-1.3500311979441904e-13,-3.4091694461088886e-15,0.0,
21,7,132.0000092273992,3.375077994860476e-14,2.5568770900963783e-16,0.0,
21,8,132.00001105241083,231.0429479326714,1.7503252165708942,200.00001643002489,
21,9,39.60000334710967,231.04294793267178,5.834417383945377,0.0,
21,10,39.6000032358269,231.04294793267164,5.834417400341083,0.0,
21,11,29.700002255976244,317.086887583382,10.676325370297832,200.00001533635194,
21,12,39.600003168025744,131.97628105792626,3.3327341035287583,0.0,
21,13,39.60000355070901,131.9762810579261,3.332734071322151,81.00000722551101,
21,14,79.20000742292959,131.97628105792637,1.6663670288964805,0.0,
21,15,39.6000042308155,131.9762810579261,3.332734014084428,0.0,
21,16,39.600004400807904,131.97628105792617,3.3327339997778798,64.00000690523946,
21,17,39.60000509642954,99.97627760530605,2.5246531499643727,64.00000802663156,
21,18,59.400007709894766,2.0872192862952943e-13,3.5138367262326272e-15,0.0,
21,19,59.40000080540782,113.64134428783885,1.9131539182991535,0.0,
21,20,59.400002890624855,113.64134428783852,1.913153851138526,64.00000302775821,
21,21,59.40000322451087,182.40816276674173,3.0708443243227412,64.0000033646825,
21,22,59.40000328536365,-3.177458296477198e-13,-5.3492560955129335e-15,0.0,
21,23,59.400003264855364,-7.815970093361102e-14,-1.3158198087146407e-15,0.0,
21,24,277.20002432992015,-2.984279490192421e-13,-1.076579808175113e-15,0.0,
21,25,277.2000272116796,-1.1901590823981678e-13,-4.2935027617775845e-16,0.0,
21,26,39.60000296634079,-5.1514348342607263e-14,-1.3008672849442317e-15,0.0,
21,27,39.600003138152196,-2.1968538099770285e-13,-5.547610191627721e-15,0.0,
21,28,39.60000380814061,1.1804446309326977e-13,2.9809204985228625e-15,0.0,
21,29,79.20000944265209,7.507883204027621e-14,9.479649379920848e-16,0.0,
21,30,132.00001814615686,-1.9473311851925246e-13,-1.4752506950691055e-15,81.00001061255443,
21,31,99.00001325652873,1.5587531265737198e-13,1.574497896818135e-15,0.0,
21,32,138.60001840925202,140.0000183959589,1.010101008663455,200.00002627994172,
21,33,39.60000522093723,-2.2709611968707577e-13,-5.734749741068367e-15,0.0,
22,1,0.0,1042.1462817096003,0.0,1347.2928728514496,
22,2,61.99999681970284,99.04127071358577,1.5974399321599912,63.99999674992167,
22,3,55.799987476240176,14.687450722544426,0.26321602184585424,0.0,
22,4,74.39998013465488,39.876752303151136,0.5359779966470297,63.999982800470136,
22,5,37.19998791320928,7.876760902916061,0.21174095328453363,0.0,
22,6,37.19998352928005,7.876760902916146,0.21174097823770166,0.0,
22,7,123.99994816302647,212.71928648091017,1.7154788339204925,0.0,
22,8,123.99993481997116,212.7192864809105,1.7154790185151807,139.99992966128036,
22,9,37.19997947572422,212.71928648091054,5.7182635441970024,0.0,
22,10,37.19998016057584,212.7192864809107,5.718263438923778,0.0,
22,11,27.89998722742218,258.1079056949203,9.25118365076643,139.9999344974436,
22,12,37.19998167616791,114.71933571801429,3.0838546297324925,0.0,
22,13,37.1999796856971,114.71933571801414,3.0838547947412507,83.99995472527286,
22,14,74.39995817914915,114.71933571801414,1.5419274220797161,0.0,
22,15,37.199974024522184,114.71933571801416,3.083855264049144,0.0,
22,16,37.1999740407561,114.7193357180144,3.0838552627033686,63.999958843912204,
22,17,37.19997037158274,82.71935629605815,2.223640381156,63.999952543258004,
22,18,55.79995584740309,1.1102230246251565e-13,1.9896485718757532e-15,0.0,
22,19,55.7999955369783,233.63466371761493,4.187001476779451,0.0,
22,20,55.79998319884805,233.634663717615,4.187002402582054,63.99998190595649,
22,21,55.799981146337785,190.5165144433059,3.4142756060018797,63.99997982561509,
22,22,55.7999806895217,-1.0746958878371515e-13,-1.9259789601306464e-15,0.0,
22,23,55.79998255076552,3.126388037344441e-13,5.60284769712988e-15,0.0,
22,24,260.39987097965263,-4.973799150320701e-14,-1.9100620640128307e-16,0.0,
22,25,260.39986058224565,1.4210854715202004e-14,5.457320400797064e-17,0.0,
22,26,37.199983173212445,1.4599432773820809e-13,3.924580477857259e-15,0.0,
22,27,37.199982361098265,1.5276668818842154e-13,4.106633350132356e-15,0.0,
22,28,37.19997905311394,-1.5276668818842154e-13,-4.106633715312098e-15,0.0,
22,29,74.39994870207191,-1.9895196601282805e-13,-2.674087408440479e-15,0.0,
22,30,123.99992598082899,3.552713678800501e-14,2.8650933867087697e-16,83.99993590151655,
22,31,92.9999250021623,4.0678571622265736e-13,4.374043486736138e-15,0.0,
22,32,130.19989566755638,97.9999240333897,0.7526881917295548,139.99989147627053,
22,33,37.19997126094653,8.715250743307479e-14,2.3428111495497226e-15,0.0,
23,1,0.0,1129.3767210471701,0.0,1449.3418350252678,
23,2,59.99999963926031,114.8374365294824,1.9139572869987127,63.999999617800924,
23,3,53.99999865311645,47.73155871467448,0.883917776022385,0.0,
23,4,71.9999978351836,105.16408525699242,1.4606123391520827,63.99999807246372,
23,5,35.99999871186258,73.1640862207606,2.0323358010746775,0.0,
23,6,35.999998271297585,73.16408622076067,2.0323358259462365,0.0,
23,7,119.99999436535603,150.26088180834697,1.2521740738658504,0.0,
23,8,119.99999290244637,150.2608818083469,1.2521740891309971,79.99999536639756,
23,9,35.999997836021095,150.2608818083471,4.173913634461338,0.0,
23,10,35.99999789594279,150.26088180834662,4.17391362751388,0.0,
23,11,26.99999853805554,176.2275412527162,6.526946325731453,79.99999562401199,
23,12,35.99999795551702,94.26088505186895,2.618358066807152,0.0,
23,13,35.99999775051462,94.26088505186887,2.618358081717419,86.99999459563854,
23,14,71.99999532943018,94.26088505186874,1.309179043978901,0.0,
23,15,35.999997330478415,94.26088505186874,2.618358112267562,0.0,
23,16,35.99999724903026,94.26088505186856,2.6183581181914586,63.999995281658265,
23,17,35.999996851018224,62.26088741103968,1.729469246030745,63.99999457947028,
23,18,53.99999525550332,-1.1546319456101628e-14,-2.1382074945506414e-16,0.0,
23,19,53.999999510964365,186.10646028265035,3.446415962371677,0.0,
23,20,53.999998191848476,186.1064602826503,3.446416046560976,63.99999792253644,
23,21,53.9999979656625,157.27300074433597,2.9124630864679415,63.99999767158134,
23,22,53.99999793058286,5.861977570020827e-14,1.085551443456797e-15,0.0,
23,23,53.99999809140586,11.9921726629061,0.2220772793844721,0.0,
23,24,251.9999858674104,11.992172662905247,0.04758798942637608,0.0,
23,25,251.99998441751242,-2.842170943040401e-14,-1.1278456820582595e-16,0.0,
23,26,35.99999821324852,55.99999504219522,1.5555554950440642,0.0,
23,27,35.999998120715155,55.99999504219531,1.5555554990424219,0.0,
23,28,35.99999775794959,55.99999504219554,1.5555555147174838,0.0,
23,29,71.99999443136757,55.99999504219538,0.7777777690743596,0.0,
23,30,119.99998974975287,55.999995042195216,0.4666666652136989,86.99999257290965,
23,31,89.99999192455064,55.99999504219563,0.6222222229657742,0.0,
23,32,125.99998868586039,55.99999504219577,0.44444444500557356,79.99999291742199,
23,33,35.999996807667706,2.7355895326763857e-13,7.59886048682573e-15,0.0,
